session,roi_idx,best_cpos,best_cneg,combo_label,best_dist_norm,best_med_neg,target,noise,skewness,snr,bleaching,sustained
755252_2024-12-19,368,2,5,"(2,5)",0.2752,87.18603515625,147.35070974731445,218.62123107910156,-0.27151161432266235,6.293744087219238,1.5140447616577148,1.3260079622268677
755252_2024-12-10,58,2,5,"(2,5)",0.2742,111.2802734375,79.1010929260254,117.36067199707031,0.5388697981834412,10.278583526611328,2.534723997116089,0.4307880997657776
804670_2025-09-27,153,2,5,"(2,5)",0.2405,185.2685546875,136.5480332336426,202.59352111816406,0.23068344593048096,11.229999542236328,2.055325746536255,1.1040297746658325
804670_2025-09-27,133,2,5,"(2,5)",0.2219,147.4290771484375,110.91484732055665,164.5620880126953,-0.07110238075256348,7.019960403442383,1.9331516027450562,1.6350141763687134
804670_2025-09-13,142,2,5,"(2,5)",0.2154,127.953125,96.96138330078125,143.859619140625,-0.0640440508723259,5.622249126434326,0.03276020288467407,1.2275747060775757
804670_2025-09-20,245,2,5,"(2,5)",0.2137,132.619873046875,100.69035083007813,149.3922119140625,0.07715806365013123,6.207764625549316,0.9531856179237366,1.3603662252426147
804670_2025-09-10,213,2,5,"(2,5)",0.2124,183.1390380859375,139.259686126709,206.6167449951172,-0.27986207604408264,9.197076797485352,-0.19292932748794556,0.9461202025413513
804670_2025-09-20,243,2,5,"(2,5)",0.2085,197.353271484375,150.73106616210939,223.6365966796875,-0.06534234434366226,9.363761901855469,0.3327482342720032,1.0948020219802856
804670_2025-09-23,220,2,5,"(2,5)",0.2079,215.362548828125,164.5996322631836,244.21310424804688,-0.14094749093055725,6.946249008178711,-0.4164637625217438,0.8816096782684326
804670_2025-09-27,131,2,5,"(2,5)",0.1973,138.65478515625,107.25320162963868,159.12937927246094,0.009054235182702541,9.511693954467773,1.9772377014160156,1.3707261085510254
804670_2025-09-27,257,2,5,"(2,5)",0.1947,101.64410400390625,78.8639598236084,117.00884246826172,0.06386414170265198,6.4803314208984375,1.4233840703964233,1.1035089492797852
755252_2024-12-10,540,2,5,"(2,5)",0.1892,116.0435791015625,90.6051671447754,134.4290313720703,0.020794639363884926,5.879420280456543,0.36811548471450806,1.1238137483596802
804670_2025-09-23,31,2,5,"(2,5)",0.1892,155.19647216796875,121.17281961059571,179.78163146972656,0.29062575101852417,8.14797592163086,0.08928890526294708,0.7842970490455627
755252_2024-12-10,483,2,5,"(2,5)",0.1891,144.999267578125,113.23505447387696,168.00453186035156,-0.0368817001581192,6.281430721282959,-0.7818626761436462,1.1857426166534424
804670_2025-09-23,352,2,5,"(2,5)",0.1861,187.574462890625,146.9908680419922,218.08734130859375,-0.17473679780960083,5.890988826751709,0.5578441619873047,1.0476329326629639
804670_2025-09-18,92,2,5,"(2,5)",0.1861,184.4962158203125,144.57051116943362,214.49630737304688,0.027907595038414,6.12921142578125,1.1524460315704346,1.1819714307785034
755252_2024-12-19,508,2,5,"(2,5)",0.185,155.80908203125,122.25229330444337,181.3832244873047,-0.3519945740699768,5.590132236480713,-0.10525452345609665,1.210732102394104
804670_2025-09-10,84,2,5,"(2,5)",0.1832,71.597900390625,56.29836042785645,83.52872467041016,-0.33009421825408936,6.524923801422119,-0.029067520052194595,0.806829035282135
804670_2025-09-19,353,2,5,"(2,5)",0.1824,215.4171142578125,169.53061239624026,251.5290985107422,0.004067182540893555,5.91358757019043,0.5120341777801514,1.0823317766189575
804670_2025-09-18,361,2,5,"(2,5)",0.1818,193.91851806640625,152.73107806396484,226.60397338867188,-0.11905403435230255,4.6184186935424805,2.0032382011413574,1.2565240859985352
804670_2025-09-27,304,2,5,"(2,5)",0.1806,236.9814453125,186.9075965576172,277.31097412109375,0.0832366794347763,9.362581253051758,1.1669503450393677,1.0545737743377686
804670_2025-09-23,150,2,5,"(2,5)",0.1792,217.5941162109375,171.89875524902345,255.04266357421875,0.19945752620697021,11.16568374633789,1.3774192333221436,0.42414918541908264
804670_2025-09-23,292,2,5,"(2,5)",0.1758,156.5135498046875,124.13141180419923,184.17123413085938,0.09589304029941559,11.123834609985352,0.3944639265537262,0.6169549822807312
804670_2025-09-23,88,2,5,"(2,5)",0.174,153.234619140625,121.79242529296876,180.700927734375,-0.11401219666004181,6.6142778396606445,0.5425481796264648,1.1400132179260254
804670_2025-09-18,296,2,5,"(2,5)",0.1726,85.0732421875,114.34978317260743,169.65843200683594,1.0427056550979614,20.39900016784668,2.933710813522339,0.3954986333847046
804670_2025-09-27,263,2,5,"(2,5)",0.1714,211.013671875,168.23907388305665,249.6128692626953,0.4336010813713074,11.36809253692627,1.290388822555542,0.9131456017494202
804670_2025-09-13,199,2,5,"(2,5)",0.171,86.83255004882812,69.2641392364502,102.76578521728516,-0.1414688229560852,4.338459014892578,2.04850172996521,0.47502511739730835
804670_2025-09-11,240,2,5,"(2,5)",0.1709,77.6922607421875,61.97843228149414,91.95613098144531,0.22759270668029785,7.065336227416992,-0.10553445667028427,1.2128715515136719
804670_2025-09-27,266,2,5,"(2,5)",0.1702,157.02349853515625,125.36148031616212,185.9962615966797,-0.15045978128910065,8.455766677856445,2.8778529167175293,1.8313546180725098
755252_2024-12-10,245,2,5,"(2,5)",0.1702,112.031982421875,89.44890994262695,132.71351623535156,-0.17890295386314392,6.662570476531982,1.0163031816482544,0.7975255250930786
804670_2025-09-27,104,2,5,"(2,5)",0.1701,70.349365234375,56.173209274292,83.3430404663086,0.3878558874130249,8.66080093383789,2.09647274017334,1.0423567295074463
755252_2024-12-19,229,2,5,"(2,5)",0.1695,122.584228515625,97.9556505432129,145.3347930908203,-0.45921918749809265,6.4619903564453125,-0.21229805052280426,0.9666494727134705
804670_2025-09-17,147,2,5,"(2,5)",0.1691,117.8707275390625,94.23460202026368,139.81394958496094,0.8668592572212219,20.81328773498535,2.360435724258423,0.5651749968528748
804670_2025-09-24,160,2,5,"(2,5)",0.1684,182.57861328125,146.07606854248047,216.73007202148438,-0.23098714649677277,5.535218715667725,0.7371880412101746,0.7232489585876465
755252_2024-12-11,212,2,5,"(2,5)",0.1672,150.220703125,120.36304464721681,178.58018493652344,-0.15848742425441742,5.697629928588867,-0.5041795969009399,0.6197718977928162
804670_2025-09-23,208,2,5,"(2,5)",0.1666,160.707275390625,128.852836517334,191.1763153076172,-0.4799480140209198,7.363467693328857,-0.3179416060447693,0.9621117115020752
804670_2025-09-24,218,2,5,"(2,5)",0.1661,205.995361328125,165.27175021362305,245.21031188964844,-0.02207864634692669,7.636674880981445,-0.45858749747276306,1.0180915594100952
804670_2025-09-23,289,2,5,"(2,5)",0.1658,186.73583984375,149.86744195556642,222.35525512695312,0.30463990569114685,9.883319854736328,0.2210211604833603,0.8001755475997925
755252_2024-12-11,101,2,5,"(2,5)",0.1656,202.288330078125,162.39640014648438,240.9442138671875,0.07636969536542892,13.152643203735352,2.274726629257202,0.7016705870628357
804670_2025-09-20,212,2,5,"(2,5)",0.1651,152.729248046875,122.68129776000977,182.0197296142578,-0.5422545671463013,6.044797897338867,0.20133580267429352,0.8580267429351807
804670_2025-09-23,140,2,4,"(2,4)",0.1649,77.20156860351562,102.1996311645508,151.63150024414062,-0.4045144319534302,15.51728630065918,0.7965485453605652,0.9143635630607605
804670_2025-09-12,236,2,5,"(2,5)",0.1646,122.8974609375,98.77146246337891,146.54519653320312,0.3689514398574829,11.704707145690918,-0.02963278815150261,0.9416114091873169
755252_2024-12-12,215,2,5,"(2,5)",0.1634,141.49560546875,113.89094360351564,168.9776611328125,-0.3229982256889343,5.4226861000061035,-0.2693888545036316,0.7335178852081299
804670_2025-09-19,140,2,5,"(2,5)",0.1633,74.294921875,59.80252587890625,88.727783203125,-0.15098261833190918,11.14700698852539,2.1227409839630127,0.8825333714485168
804670_2025-09-10,252,2,5,"(2,5)",0.1609,80.81884765625,65.24375227355958,96.80081939697266,-0.1586599200963974,8.113454818725586,0.4429731070995331,0.7611535787582397
804670_2025-09-23,95,2,5,"(2,5)",0.1607,181.86181640625,146.84351281738282,217.86871337890625,0.05516424402594566,6.987011909484863,-0.3225826621055603,1.273725986480713
755252_2024-12-16,197,2,5,"(2,5)",0.1605,116.563720703125,94.1471432800293,139.68418884277344,0.2662109434604645,6.222590923309326,0.6954250335693359,0.8753978610038757
804670_2025-09-23,141,2,5,"(2,5)",0.1598,146.085693359375,118.08247366333009,175.19654846191406,1.1616532802581787,9.953789710998535,2.409856081008911,0.33985069394111633
755252_2024-12-16,484,2,5,"(2,5)",0.1591,93.025390625,75.2560553894043,111.65586853027344,-0.03403397649526596,4.474082946777344,2.6165695190429688,0.7104213237762451
804670_2025-09-27,374,2,5,"(2,5)",0.1577,283.6875,229.9024119873047,341.10150146484375,-0.029762765392661095,8.795954704284668,1.5978065729141235,1.3765658140182495
804670_2025-09-18,230,2,5,"(2,5)",0.1577,92.82757568359375,75.22989181518555,111.61705017089844,-0.16544215381145477,4.161539077758789,-0.6055689454078674,1.1426079273223877
804670_2025-09-19,224,2,5,"(2,5)",0.1576,81.0399169921875,65.67831031799317,97.44556427001953,-0.07612288743257523,4.810004234313965,0.004568411502987146,0.8449852466583252
804670_2025-09-12,90,2,5,"(2,5)",0.1573,136.83056640625,110.93826495361328,164.59683227539062,-0.1133977398276329,7.897485733032227,0.31975939869880676,0.601428210735321
804670_2025-09-23,426,2,4,"(2,4)",0.1565,198.522216796875,161.1055918273926,239.02906799316406,0.21671701967716217,10.995116233825684,1.7673499584197998,0.6494449377059937
804670_2025-09-17,129,2,5,"(2,5)",0.1564,127.39111328125,103.39615188598634,153.40675354003906,1.1010159254074097,15.737524032592773,0.7467236518859863,0.5797763466835022
804670_2025-09-18,239,2,5,"(2,5)",0.1563,94.87179565429688,77.01423420715332,114.26444244384766,0.406664103269577,5.336512088775635,1.5544027090072632,1.1809927225112915
804670_2025-09-10,270,2,5,"(2,5)",0.1556,176.928955078125,143.7376271057129,213.2605743408203,-0.0969342514872551,10.715662002563477,0.7139964699745178,0.8854091763496399
804670_2025-09-11,38,2,5,"(2,5)",0.1555,183.7724609375,149.32486660766602,221.5502471923828,0.557755708694458,9.934718132019043,2.809201955795288,0.7678162455558777
804670_2025-09-10,121,2,5,"(2,5)",0.1555,102.9158935546875,83.62252159118653,124.06902313232422,-0.11324427276849747,10.50557804107666,-0.1322488933801651,0.8898980021476746
755252_2024-12-10,259,2,5,"(2,5)",0.1552,82.51531982421875,67.06829133605957,99.50785064697266,-0.1532611846923828,5.647590160369873,-0.4687111973762512,0.9290921092033386
804670_2025-09-20,236,2,5,"(2,5)",0.155,102.51959228515625,83.35251432800294,123.66841888427734,0.3062709867954254,6.329596996307373,1.085899829864502,0.7818735837936401
755252_2024-12-16,102,2,5,"(2,5)",0.1547,132.1455078125,107.47752548217774,159.4622039794922,0.22378619015216827,10.29830265045166,1.1447340250015259,0.7013399004936218
804670_2025-09-26,220,2,5,"(2,5)",0.1543,309.458740234375,251.8132329711914,373.6101379394531,-0.09082897752523422,10.724635124206543,1.0198782682418823,0.8723383545875549
804670_2025-09-17,85,2,5,"(2,5)",0.1539,109.9317626953125,89.5007434387207,132.79042053222656,-0.12315860390663147,6.3824543952941895,0.7765755653381348,0.9072191119194031
804670_2025-09-19,225,2,5,"(2,5)",0.1538,151.751220703125,123.5538282775879,183.3142852783203,0.13882604241371155,7.271716117858887,1.272391676902771,0.9095538854598999
804670_2025-09-24,188,2,5,"(2,5)",0.1538,149.24786376953125,121.51161938476564,180.2843017578125,-0.22141343355178833,6.63363790512085,-0.5580024719238281,0.8022652864456177
804670_2025-09-18,249,2,5,"(2,5)",0.1533,128.648681640625,104.81131945800782,155.50640869140625,0.15185388922691345,5.918433666229248,0.5439701676368713,1.6271424293518066
755252_2024-11-22,463,2,4,"(2,4)",0.1529,118.630859375,153.44661685180665,227.6656036376953,0.5278446674346924,15.561636924743652,0.3834714889526367,1.3110414743423462
804670_2025-09-23,191,2,5,"(2,5)",0.1526,109.873779296875,89.59010479736328,132.92300415039062,0.19713763892650604,6.447534084320068,0.8630850911140442,0.7618826627731323
804670_2025-09-26,275,2,5,"(2,5)",0.1525,175.01904296875,142.7334662475586,211.77072143554688,0.25877663493156433,15.102566719055176,2.718080520629883,0.7192851901054382
804670_2025-09-19,193,2,5,"(2,5)",0.152,110.6466064453125,90.28021020507813,133.9468994140625,0.16517330706119537,6.521048545837402,0.37847796082496643,0.7452231049537659
804670_2025-09-24,101,2,5,"(2,5)",0.1514,122.69305419921875,100.18718539428711,148.6456756591797,0.43541282415390015,9.177576065063477,0.09348751604557037,0.6557378768920898
755252_2024-12-17,107,2,5,"(2,5)",0.1511,140.769287109375,114.99536730957033,170.61627197265625,0.1504942625761032,8.844923973083496,1.1281312704086304,0.9296765327453613
755252_2024-12-13,106,2,5,"(2,5)",0.151,161.7496337890625,132.15194598388672,196.07113647460938,0.3330211639404297,12.8781099319458,1.2356207370758057,1.2365421056747437
755252_2024-12-17,215,2,5,"(2,5)",0.1509,170.257080078125,139.10842282104494,206.39231872558594,-0.24190352857112885,5.433586120605469,-0.4305475652217865,1.1128566265106201
755252_2024-12-19,52,2,5,"(2,5)",0.1499,158.86376953125,129.95639633178712,192.8136444091797,0.3647512197494507,9.71869945526123,2.895667791366577,0.5935079455375671
755252_2024-12-12,212,2,5,"(2,5)",0.1497,178.132080078125,145.76300039672853,216.2655792236328,-0.07897789031267166,6.598459243774414,0.4550342261791229,0.9390177726745605
755252_2024-12-16,487,2,5,"(2,5)",0.149,66.52685546875,54.482727676391605,80.83490753173828,0.11556881666183472,5.831812858581543,-0.28415489196777344,1.2533011436462402
804670_2025-09-24,226,2,5,"(2,5)",0.1489,108.9202880859375,89.20762707519532,132.35552978515625,0.16707205772399902,6.479933738708496,0.5679707527160645,1.3414720296859741
804670_2025-09-10,4,2,5,"(2,5)",0.1486,276.89208984375,226.87484216308596,336.60955810546875,-0.9065417051315308,5.49067497253418,0.3988407254219055,0.6611711978912354
804670_2025-09-18,91,2,5,"(2,5)",0.1483,197.4266357421875,161.81918685913087,240.0878143310547,0.27547305822372437,6.940246105194092,1.2294055223464966,1.3631190061569214
804670_2025-09-17,3,2,5,"(2,5)",0.1476,194.6715087890625,159.70378372192383,236.94923400878906,-0.1183118224143982,4.090423583984375,3.211545467376709,0.610590398311615
804670_2025-09-20,88,2,5,"(2,5)",0.1474,139.760498046875,114.68656719970704,170.15811157226562,0.27098995447158813,6.3862714767456055,1.010980248451233,1.2449690103530884
804670_2025-09-18,231,2,5,"(2,5)",0.1474,191.630126953125,157.24024255371094,233.29412841796875,0.029005475342273712,5.736814022064209,1.0561591386795044,1.3963102102279663
755252_2024-11-13,180,2,5,"(2,5)",0.1471,77.84970092773438,63.90134700012207,94.80912017822266,-0.1979982703924179,5.814289093017578,1.3604604005813599,0.8389822840690613
804670_2025-09-13,143,2,5,"(2,5)",0.1469,96.688232421875,79.38311753845215,117.77910614013672,1.2682127952575684,10.402886390686035,0.9924830794334412,0.5306851267814636
804670_2025-09-23,238,2,5,"(2,5)",0.1468,125.856689453125,103.35126037597657,153.34014892578125,0.29964444041252136,7.3268632888793945,-0.14540383219718933,1.2021324634552002
755252_2024-12-10,336,2,5,"(2,5)",0.1468,73.52911376953125,60.37705493164063,89.5802001953125,0.14910566806793213,6.663751602172852,-0.00101785350125283,1.0913677215576172
804670_2025-09-13,357,2,5,"(2,5)",0.1467,207.162353515625,170.12368426513672,252.40902709960938,-0.03423342481255531,6.992893695831299,0.6317546963691711,1.3351476192474365
804670_2025-09-27,201,2,5,"(2,5)",0.1462,106.9451904296875,87.88717904663086,130.3964080810547,0.2634149491786957,7.954849720001221,2.112283706665039,1.0740708112716675
804670_2025-09-27,90,2,5,"(2,5)",0.1461,111.36474609375,91.5262504272461,135.79562377929688,0.3244398832321167,7.83851957321167,1.9402518272399902,1.2925453186035156
804670_2025-09-18,82,2,5,"(2,5)",0.1459,229.488037109375,188.6526781616211,279.9001159667969,1.8144350051879883,9.727255821228027,0.18294335901737213,0.6495619416236877
804670_2025-09-23,235,2,5,"(2,5)",0.1449,173.82373046875,143.06842993164062,212.2677001953125,-0.3130994737148285,11.079272270202637,-0.909930408000946,1.0338293313980103
804670_2025-09-23,87,2,5,"(2,5)",0.1436,164.441162109375,135.56388586425783,201.13336181640625,0.17099259793758392,6.6624321937561035,0.7424739003181458,1.5492762327194214
804670_2025-09-20,89,2,5,"(2,5)",0.1432,126.74365234375,104.53838113403322,155.10145568847656,-0.135332390666008,6.190952301025391,0.9289430379867554,0.971368670463562
804670_2025-09-17,221,2,5,"(2,5)",0.1425,281.4140625,232.3030227661133,344.6632385253906,0.4902837574481964,7.753260612487793,-0.20102494955062866,0.8798075318336487
755252_2024-12-05,236,2,5,"(2,5)",0.1422,160.857421875,132.8324765930176,197.08082580566406,0.10168001800775528,8.819365501403809,0.8091703057289124,0.9258531928062439
804670_2025-09-13,249,2,5,"(2,5)",0.1414,125.9560546875,104.11052853393555,154.46665954589844,0.3178022503852844,8.196944236755371,0.2579582929611206,1.5460385084152222
804670_2025-09-26,106,2,5,"(2,5)",0.1411,65.88348388671875,54.481020462036135,80.8323745727539,-0.5865584015846252,4.4485039710998535,1.2242964506149292,0.4630676805973053
755252_2024-12-20,488,2,5,"(2,5)",0.1409,173.943115234375,143.8705841369629,213.4578399658203,0.024755025282502174,7.167482852935791,-0.28231897950172424,1.678486943244934
804670_2025-09-17,100,2,5,"(2,5)",0.1409,105.06146240234375,86.89803344726563,128.9288330078125,0.5779043436050415,8.156217575073242,0.7680362462997437,0.8841627836227417
804670_2025-09-13,228,2,5,"(2,5)",0.1407,81.2384033203125,67.21192359924316,99.72095489501953,0.1285555064678192,5.395995140075684,-0.13857033848762512,0.9512031078338623
804670_2025-09-24,202,2,5,"(2,5)",0.1402,150.455810546875,124.55189047241211,184.7950897216797,-0.3617285490036011,6.732910633087158,0.09711409360170364,0.9156174063682556
804670_2025-09-24,269,2,4,"(2,4)",0.1399,129.856201171875,163.8765241394043,243.14024353027344,0.39631664752960205,12.71986198425293,2.5532052516937256,0.7334126830101013
804670_2025-09-27,254,2,5,"(2,5)",0.1387,117.098876953125,97.1120912475586,144.08322143554688,-0.3696637749671936,7.127133846282959,1.253554105758667,2.703709840774536
804670_2025-09-20,194,2,5,"(2,5)",0.1385,118.37451171875,98.19864062500001,145.6953125,0.23868797719478607,6.066582679748535,1.053109884262085,0.6506206393241882
804670_2025-09-27,270,2,5,"(2,5)",0.1383,124.808837890625,103.55460400390626,153.641845703125,-0.016339151188731194,6.292018890380859,3.017210006713867,0.780755877494812
804670_2025-09-24,96,2,5,"(2,5)",0.1382,82.591796875,68.53456735229493,101.68333435058594,0.1335795819759369,6.567046165466309,0.37547290325164795,0.7515604496002197
804670_2025-09-13,128,2,5,"(2,5)",0.1381,82.82745361328125,68.74111457824708,101.98978424072266,-0.20733162760734558,6.545927047729492,1.0440974235534668,0.5749251842498779
804670_2025-09-23,130,2,5,"(2,5)",0.1381,181.298095703125,150.46758950805665,223.2456817626953,0.13777650892734528,9.616957664489746,-0.5128125548362732,0.6387563943862915
804670_2025-09-24,220,2,5,"(2,5)",0.1373,261.3486328125,217.10998742675784,322.12164306640625,0.3211665153503418,11.136882781982422,0.09711786359548569,0.7873154878616333
755252_2024-12-19,226,2,5,"(2,5)",0.1372,127.88916015625,106.2632024230957,157.66053771972656,-0.021067213267087936,5.9558491706848145,1.4145913124084473,0.9605595469474792
755252_2024-12-19,510,2,5,"(2,5)",0.1371,74.90802001953125,62.24252085876465,92.34795379638672,-0.07642815262079239,5.174429416656494,0.7753795385360718,1.1081889867782593
755252_2024-12-12,505,2,5,"(2,5)",0.1371,144.561767578125,120.12334558105469,178.22454833984375,-0.14003227651119232,6.511643409729004,-0.29037368297576904,1.030193567276001
804670_2025-09-12,97,2,5,"(2,5)",0.1367,135.23046875,112.43009262084962,166.8102264404297,0.44161340594291687,9.186176300048828,0.11635561287403107,0.8267346620559692
755252_2024-12-11,178,2,5,"(2,5)",0.1365,147.66937255859375,122.79535202026368,182.18894958496094,-0.2310095578432083,6.4274983406066895,0.6919129490852356,0.5989949107170105
804670_2025-09-12,191,2,5,"(2,5)",0.136,94.096435546875,78.29516433715821,116.16493225097656,0.37898868322372437,9.196722030639648,0.2967573404312134,0.7332803606987
804670_2025-09-23,281,2,5,"(2,5)",0.1359,227.75341796875,189.54460510253907,281.22344970703125,0.8823763728141785,13.62037181854248,2.89813494682312,0.5808730125427246
804670_2025-09-27,213,2,5,"(2,5)",0.1357,124.64947509765625,103.76550668334961,153.9547576904297,0.35561779141426086,7.510908603668213,1.0392314195632935,1.8268401622772217
804670_2025-09-12,221,2,5,"(2,5)",0.1354,131.02490234375,109.1063416748047,161.87884521484375,0.24587082862854004,7.8012776374816895,-0.006732389330863953,0.9016715884208679
804670_2025-09-27,420,2,5,"(2,5)",0.1353,117.540771484375,97.88977880859376,145.237060546875,0.3468462824821472,6.128518104553223,3.5571553707122803,1.2468886375427246
804670_2025-09-18,247,2,5,"(2,5)",0.1352,168.48602294921875,140.33214584350586,208.2079315185547,0.07666315883398056,6.698493480682373,-0.1613653302192688,1.6545367240905762
804670_2025-09-11,230,2,5,"(2,5)",0.1351,127.34716796875,106.08144580078125,157.390869140625,0.004328002221882343,8.992752075195312,0.4805529713630676,0.895195722579956
804670_2025-09-23,230,2,5,"(2,5)",0.1347,95.8336181640625,79.87262525939941,118.50537872314453,-0.17324958741664886,6.478280067443848,0.30294179916381836,1.007641315460205
804670_2025-09-13,229,2,5,"(2,5)",0.1346,178.07275390625,148.42757119750976,220.2189483642578,0.0013635060749948025,8.963850021362305,0.1780567765235901,1.0699877738952637
804670_2025-09-12,209,2,5,"(2,5)",0.1346,119.7647705078125,99.8345325012207,148.12245178222656,-0.11721907556056976,7.311405181884766,0.2489374577999115,0.7645817995071411
804670_2025-09-11,229,2,5,"(2,5)",0.1345,59.206787109375,49.355114501953125,73.2271728515625,0.09603305160999298,5.7186455726623535,-0.2408570945262909,0.830898642539978
804670_2025-09-10,139,2,5,"(2,5)",0.1342,94.3837890625,78.71087617492677,116.7817153930664,0.04924258962273598,7.391031742095947,0.4567588269710541,0.7690115571022034
804670_2025-09-27,373,2,5,"(2,5)",0.134,292.4736328125,243.9593270263672,361.95745849609375,-0.3169037103652954,8.643779754638672,1.7416037321090698,1.0206366777420044
804670_2025-09-11,321,2,5,"(2,5)",0.1338,134.1474609375,111.9269271850586,166.06369018554688,0.5464256405830383,11.27324390411377,2.329798698425293,0.519048273563385
804670_2025-09-20,90,2,5,"(2,5)",0.1338,222.7578125,185.85735119628907,275.75274658203125,0.11728299409151077,5.803515911102295,0.5795001983642578,1.1042007207870483
804670_2025-09-19,190,2,5,"(2,5)",0.1326,79.76568603515625,66.6542867126465,98.89360046386719,0.27374520897865295,6.148407936096191,0.5357251167297363,0.9698613286018372
804670_2025-09-17,351,2,5,"(2,5)",0.1322,201.058837890625,168.09927770996094,249.40545654296875,0.056597817689180374,5.807043552398682,0.23311764001846313,1.4421546459197998
804670_2025-09-27,121,2,5,"(2,5)",0.1321,101.43170166015625,84.8107119293213,125.83191680908203,0.2790515720844269,5.82173490524292,1.2655640840530396,0.9533105492591858
804670_2025-09-13,43,2,5,"(2,5)",0.132,105.26715087890625,88.02385903930664,130.5991973876953,0.8562888503074646,11.52920913696289,-0.478346049785614,0.6871453523635864
755252_2024-12-03,387,2,5,"(2,5)",0.1319,90.5833740234375,75.753435836792,112.3938217163086,1.0278123617172241,16.181007385253906,-0.40915557742118835,0.8165563941001892
755252_2024-12-19,490,2,5,"(2,5)",0.1318,120.9151611328125,101.13973901367189,150.0589599609375,-0.3518218994140625,5.195011615753174,-0.4346131384372711,0.934851884841919
804670_2025-09-20,135,2,4,"(2,4)",0.1314,143.1370849609375,119.7863147277832,177.72450256347656,1.0135023593902588,14.215226173400879,2.3316755294799805,0.5670766830444336
804670_2025-09-18,217,2,5,"(2,5)",0.1309,154.99560546875,129.78916131591797,192.56552124023438,-0.20285144448280334,5.439706802368164,1.1360913515090942,1.055215835571289
804670_2025-09-11,94,2,5,"(2,5)",0.1307,227.44384765625,190.50508801269532,282.64849853515625,-0.08369684964418411,8.187239646911621,1.0357574224472046,1.1785907745361328
804670_2025-09-17,82,2,5,"(2,5)",0.1305,140.775634765625,117.93938647460938,174.9842529296875,1.974374771118164,22.306529998779297,-0.05124708265066147,0.5769214034080505
755252_2024-12-13,368,2,5,"(2,5)",0.1305,149.142333984375,124.95198541259767,185.38870239257812,-0.13927148282527924,6.994256973266602,0.10835972428321838,1.1258676052093506
804670_2025-09-27,102,2,5,"(2,5)",0.1304,231.35986328125,193.84493408203127,287.603759765625,-0.030251555144786835,7.256436824798584,2.67608380317688,1.1207789182662964
804670_2025-09-17,219,2,5,"(2,5)",0.1303,154.489501953125,129.46578817749025,192.0857391357422,-0.0989040806889534,5.806075572967529,1.181064486503601,1.0294990539550781
804670_2025-09-17,206,2,5,"(2,5)",0.1303,121.5465087890625,101.85454760742188,151.1195068359375,-0.2654542326927185,5.42673921585083,0.8201733827590942,0.9046820402145386
804670_2025-09-19,86,2,5,"(2,5)",0.1302,115.9229736328125,97.15679763793946,144.14955139160156,0.006861787289381027,7.840053081512451,1.2613612413406372,1.0175763368606567
755252_2024-11-12,484,2,5,"(2,5)",0.13,126.20849609375,105.7996731567383,156.97280883789062,-0.0008143250015564263,5.765008449554443,0.4001844823360443,2.7231578826904297
804670_2025-09-11,3,2,5,"(2,5)",0.13,319.3876953125,267.73960943603515,397.2397766113281,0.506654679775238,10.212592124938965,2.23146653175354,0.7377173900604248
804670_2025-09-11,282,2,4,"(2,4)",0.1299,164.425048828125,137.8492699584961,204.52413940429688,0.17235028743743896,14.459458351135254,0.9082894921302795,1.1962944269180298
804670_2025-09-11,144,2,5,"(2,5)",0.1298,88.99169921875,74.62034944152832,110.71268463134766,0.037979114800691605,5.863046646118164,-0.2025345116853714,1.203917145729065
804670_2025-09-19,196,2,5,"(2,5)",0.1297,122.013671875,102.32295169067383,151.81446838378906,-0.2453792244195938,6.509533405303955,1.1130011081695557,0.825236976146698
755252_2024-12-10,397,2,5,"(2,5)",0.1294,115.17431640625,96.62288177490235,143.35739135742188,0.042795535176992416,7.705836296081543,-0.13286592066287994,1.1318989992141724
804670_2025-09-20,226,2,5,"(2,5)",0.1293,190.2867431640625,159.65474758911134,236.87648010253906,0.19666697084903717,6.5880022048950195,0.9878067374229431,0.8349868059158325
804670_2025-09-27,210,2,5,"(2,5)",0.1292,79.02902221679688,66.31798091125489,98.3946304321289,0.10065437853336334,6.354061603546143,2.384545087814331,1.8571069240570068
755252_2024-12-19,380,2,5,"(2,5)",0.129,132.40374755859375,111.13782391357422,164.89291381835938,-0.10508222877979279,6.642114639282227,-0.09903953969478607,1.128179669380188
755252_2024-12-16,23,2,5,"(2,5)",0.129,119.9239501953125,100.65473587036134,149.33937072753906,0.21015627682209015,8.49067211151123,1.1502352952957153,0.6881439685821533
804670_2025-09-27,291,2,5,"(2,5)",0.1289,57.14202880859375,47.97092875671387,71.1734848022461,-0.27753621339797974,4.751620769500732,0.0759417861700058,0.8460981845855713
755252_2024-12-05,520,2,5,"(2,5)",0.1289,174.81201171875,146.75495364379884,217.73731994628906,0.10745841264724731,5.20712423324585,0.037250716239213943,1.2158160209655762
804670_2025-09-23,219,2,5,"(2,5)",0.1289,102.5006103515625,86.0451358947754,127.66340637207031,-0.23148423433303833,4.279698848724365,-0.20841965079307556,0.9342470765113831
804670_2025-09-11,210,2,5,"(2,5)",0.1281,75.4552001953125,63.407566101074224,94.07650756835938,0.2051544189453125,6.853673458099365,0.5536910891532898,0.8279355764389038
804670_2025-09-24,84,2,5,"(2,5)",0.1279,205.327392578125,172.56989617919922,256.0384216308594,0.02352234348654747,5.503904342651367,2.023301601409912,0.8218079805374146
755252_2024-12-12,368,2,5,"(2,5)",0.1278,164.7376708984375,138.47826531982423,205.45736694335938,-0.015647269785404205,7.415798664093018,1.5103329420089722,0.8386285901069641
755252_2024-11-12,252,2,5,"(2,5)",0.1274,60.54461669921875,50.91745217895508,75.54518127441406,0.04061117395758629,8.614246368408203,1.65467369556427,2.040848970413208
755252_2024-12-11,367,2,5,"(2,5)",0.1271,93.12646484375,78.35261827087403,116.25017547607422,-0.0015175726730376482,5.460047245025635,1.7315304279327393,0.8026552796363831
804670_2025-09-17,218,2,5,"(2,5)",0.1261,71.17254638671875,59.95170658874512,88.9491195678711,-0.15257661044597626,4.796353816986084,-0.6333222389221191,0.7881631851196289
804670_2025-09-18,149,2,5,"(2,5)",0.126,91.822265625,77.35566165161133,114.77101135253906,0.4913797676563263,8.315683364868164,3.100965738296509,0.6595433354377747
804670_2025-09-10,148,2,5,"(2,5)",0.1259,170.232421875,143.4463310852051,212.82838439941406,0.3864036500453949,10.533709526062012,1.197265386581421,0.5730350613594055
804670_2025-09-27,139,2,5,"(2,5)",0.1256,51.5462646484375,43.44855906677246,64.46373748779297,0.3187299370765686,7.716056823730469,2.2290499210357666,1.7889958620071411
804670_2025-09-19,85,2,5,"(2,5)",0.1255,131.295166015625,110.68368432617189,164.2191162109375,0.417297899723053,6.925247669219971,0.6634451150894165,1.2341588735580444
755252_2024-12-19,369,2,5,"(2,5)",0.1254,127.9393310546875,107.87482305908203,160.05166625976562,0.2053898423910141,7.590566635131836,2.966726779937744,0.6476038098335266
804670_2025-09-27,267,2,5,"(2,5)",0.1253,195.40625,164.77015829467774,244.4661102294922,0.003510829294100404,11.591489791870117,2.069952964782715,1.0667463541030884
804670_2025-09-12,282,2,5,"(2,5)",0.1244,224.73681640625,189.70977294921877,281.468505859375,0.40851491689682007,11.36737060546875,-0.22171415388584137,1.0429543256759644
804670_2025-09-19,235,2,5,"(2,5)",0.1244,85.36865234375,72.07129843139649,106.93070983886719,0.5594701170921326,8.154452323913574,0.20153850317001343,0.7963563203811646
804670_2025-09-27,33,2,5,"(2,5)",0.1242,139.6121826171875,117.88156744384766,174.89846801757812,-0.07887840270996094,8.097175598144531,1.6599316596984863,1.6031582355499268
755252_2024-12-12,38,2,5,"(2,5)",0.1242,96.934814453125,81.85385266113282,121.44488525390625,0.8216606378555298,10.103947639465332,3.8643763065338135,0.2590247690677643
755252_2024-12-12,74,2,5,"(2,5)",0.1242,134.331298828125,113.43302963256836,168.2982635498047,0.3606155514717102,9.969606399536133,0.7728939056396484,1.065447211265564
804670_2025-09-27,381,2,5,"(2,5)",0.1236,70.4239501953125,59.512942214965825,88.29813385009766,-0.0020032611209899187,6.506789207458496,2.4095234870910645,1.0767585039138794
755252_2024-12-19,322,2,5,"(2,5)",0.123,81.479248046875,68.90685835266113,102.2356948852539,-0.09013252705335617,4.187602519989014,2.0462393760681152,0.6400138735771179
755252_2024-12-12,101,2,5,"(2,5)",0.1229,167.4864501953125,141.6615001831055,210.18026733398438,-0.013556044548749924,13.658939361572266,2.3890180587768555,0.5975134968757629
804670_2025-09-20,33,2,3,"(2,3)",0.1226,120.03317260742188,146.73105264282228,217.7018585205078,0.19793039560317993,7.081855297088623,-0.28782418370246887,0.9225581884384155
804670_2025-09-18,111,2,5,"(2,5)",0.1225,158.111328125,133.79271267700196,198.50550842285156,0.6286618709564209,7.348635673522949,0.49975815415382385,0.9784026145935059
755252_2024-12-12,72,2,5,"(2,5)",0.1224,190.453125,161.1728005371094,239.1287841796875,0.19061072170734406,11.196069717407227,0.3127327263355255,0.6093340516090393
804670_2025-09-13,231,2,5,"(2,5)",0.1223,240.3795166015625,203.46757580566407,301.88067626953125,0.06388479471206665,9.069726943969727,-0.47114455699920654,1.2407281398773193
804670_2025-09-18,201,2,5,"(2,5)",0.1222,138.723388671875,117.4295053100586,174.22775268554688,0.3296249806880951,5.783516883850098,0.8251566290855408,0.8047485947608948
755252_2024-12-19,99,2,5,"(2,5)",0.1221,96.1070556640625,81.36275085449219,120.71624755859375,0.14267641305923462,6.953325271606445,1.9064488410949707,1.12037992477417
804670_2025-09-13,140,2,5,"(2,5)",0.122,178.84228515625,151.43148684692383,224.67579650878906,0.8306765556335449,13.683844566345215,2.786343812942505,0.5281286835670471
804670_2025-09-18,169,2,5,"(2,5)",0.1217,95.099853515625,80.55953735351564,119.5245361328125,2.065971851348877,10.699091911315918,0.1601683497428894,0.6000617146492004
755252_2024-12-16,91,2,5,"(2,5)",0.1216,93.7613525390625,79.43434939575195,117.85511779785156,0.7282513380050659,12.525647163391113,3.0874228477478027,0.6145307421684265
804670_2025-09-17,190,2,5,"(2,5)",0.1215,123.4453125,104.59010150146484,155.17819213867188,-0.016207078471779823,6.20426607131958,1.2894474267959595,0.8505643606185913
804670_2025-09-10,202,2,5,"(2,5)",0.1213,130.197021484375,110.33420932006837,163.7006072998047,-0.41107282042503357,8.258501052856445,-0.21431177854537964,0.9141623377799988
804670_2025-09-13,368,2,5,"(2,5)",0.1212,135.25616455078125,114.63661575317384,170.08399963378906,0.10886605829000473,5.716404914855957,-0.27282676100730896,0.8022103905677795
804670_2025-09-23,161,2,5,"(2,5)",0.1206,95.5751953125,81.07176850891113,120.2845230102539,-0.12804727256298065,5.270339488983154,0.6574732065200806,0.6659641265869141
804670_2025-09-27,268,2,5,"(2,5)",0.1201,218.978515625,185.85539715576172,275.7498474121094,0.7086631059646606,13.215933799743652,2.3492393493652344,0.8053072690963745
755252_2024-12-17,220,2,5,"(2,5)",0.12,132.0040283203125,112.05268511962892,166.25027465820312,-0.46880778670310974,6.450095176696777,-0.48690301179885864,1.0410792827606201
755252_2024-12-03,3,2,5,"(2,5)",0.12,63.062744140625,53.531181930542,79.4231185913086,0.3642221987247467,5.401103973388672,-0.37967535853385925,0.7436842918395996
804670_2025-09-20,191,2,5,"(2,5)",0.1199,89.43212890625,75.92115936279298,112.64266967773438,0.23201757669448853,5.671806812286377,1.4034663438796997,1.105310320854187
804670_2025-09-18,71,2,5,"(2,5)",0.1197,239.18994140625,203.10821746826173,301.3475036621094,0.4272567331790924,9.80195140838623,0.20874172449111938,1.143172025680542
804670_2025-09-23,84,2,5,"(2,5)",0.1197,103.183349609375,87.62290020751954,130.00430297851562,-0.4541158080101013,6.688390254974365,-1.160521149635315,0.8800933957099915
804670_2025-09-27,240,2,5,"(2,5)",0.1194,85.467529296875,72.60972915649414,107.72956848144531,-0.24030528962612152,5.1972455978393555,2.321089744567871,1.516625165939331
804670_2025-09-26,416,2,5,"(2,5)",0.1189,178.19775390625,151.4790523071289,224.74636840820312,0.09904852509498596,8.863412857055664,1.9816681146621704,0.7744561433792114
755252_2025-01-08,146,2,5,"(2,5)",0.1189,119.4615478515625,101.54984069824219,150.66741943359375,0.515749454498291,8.914131164550781,1.1850357055664062,0.7935304641723633
804670_2025-09-26,226,2,5,"(2,5)",0.1187,131.4808349609375,111.79262289428712,165.8644256591797,0.14004819095134735,8.98868465423584,0.3426113724708557,1.2949248552322388
804670_2025-09-20,358,2,5,"(2,5)",0.1186,224.267822265625,190.7014793701172,282.93988037109375,-0.33209115266799927,5.057530879974365,1.468230962753296,0.9157874584197998
804670_2025-09-18,137,2,5,"(2,5)",0.1185,115.381103515625,98.13264547729493,145.59739685058594,1.3212242126464844,14.965624809265137,1.963322401046753,0.5311015844345093
804670_2025-09-13,347,2,5,"(2,5)",0.1185,148.80596923828125,126.54835424804688,187.7572021484375,0.32790759205818176,8.243866920471191,0.594011127948761,0.8335893750190735
804670_2025-09-10,331,2,5,"(2,5)",0.1185,138.4703369140625,117.77069107055665,174.7339630126953,0.17534981667995453,5.892911434173584,1.2104918956756592,0.7736889123916626
755252_2024-12-17,471,2,5,"(2,5)",0.1181,144.4736328125,122.92624188232422,182.38314819335938,-0.39396098256111145,5.227599620819092,-0.4156349003314972,0.9261148571968079
804670_2025-09-24,337,2,5,"(2,5)",0.1181,172.38067626953125,146.6810394897461,217.62765502929688,0.162582665681839,5.287170886993408,0.7737832069396973,0.9310303330421448
804670_2025-09-11,369,2,5,"(2,5)",0.1179,108.2291259765625,92.1121231994629,136.6648712158203,0.08043882250785828,6.93753719329834,-0.0011402750387787819,0.6944197416305542
755252_2024-12-20,217,2,5,"(2,5)",0.1177,81.69775390625,69.5554301147461,103.19796752929688,-0.17208591103553772,5.663222312927246,-0.055276717990636826,0.9511815905570984
755252_2024-12-18,47,2,5,"(2,5)",0.1176,132.0032958984375,112.39923934936525,166.7644500732422,0.4442131221294403,10.160970687866211,3.7851171493530273,0.5243853330612183
804670_2025-09-27,214,2,5,"(2,5)",0.1175,207.876220703125,177.01906134033203,262.6395568847656,0.2647362947463989,10.441465377807617,0.6543930172920227,0.9776371717453003
755252_2024-12-09,112,2,5,"(2,5)",0.1173,96.1014404296875,81.85787387084962,121.45085144042969,-0.10398918390274048,6.687883377075195,1.1357849836349487,1.5588830709457397
804670_2025-09-11,250,2,5,"(2,5)",0.1173,87.765869140625,74.7559290008545,110.9138412475586,0.29262223839759827,8.333110809326172,0.7164664268493652,1.2176772356033325
804670_2025-09-17,189,2,5,"(2,5)",0.1171,91.37796020507812,77.84968423461915,115.50398254394531,0.15278667211532593,5.882803916931152,0.9930564165115356,0.9975860714912415
804670_2025-09-23,99,2,5,"(2,5)",0.1169,261.027099609375,222.4396021118164,330.0290832519531,0.21957963705062866,10.157219886779785,-0.5262102484703064,0.8473657369613647
804670_2025-09-12,265,2,5,"(2,5)",0.1169,119.3642578125,101.7267122192383,150.92984008789062,0.2788621783256531,9.153130531311035,0.11910074204206467,0.8080825805664062
804670_2025-09-11,31,2,5,"(2,5)",0.1168,177.8367919921875,151.5656677246094,224.8748779296875,0.7439197301864624,12.090971946716309,2.8288488388061523,0.6301403641700745
804670_2025-09-18,195,2,5,"(2,5)",0.1168,83.893798828125,71.50152592468262,106.0853500366211,0.38320192694664,5.181267738342285,0.8031432628631592,1.1005375385284424
755252_2024-12-17,321,2,5,"(2,5)",0.1167,80.337646484375,68.47839897155762,101.5999984741211,0.17550890147686005,4.818355083465576,-0.8105171918869019,0.6659046411514282
755252_2024-12-11,293,2,5,"(2,5)",0.1166,90.95932006835938,77.54515730285645,115.05216217041016,1.4267934560775757,18.71361541748047,0.5085365772247314,0.6625764966011047
804670_2025-09-18,241,2,5,"(2,5)",0.1166,109.900146484375,93.69618157958985,139.01510620117188,0.40749219059944153,6.2883100509643555,-0.17510731518268585,1.4338219165802002
804670_2025-09-24,193,2,5,"(2,5)",0.1166,89.2779541015625,76.1079142150879,112.91975402832031,-0.16954849660396576,4.714779376983643,1.4641997814178467,0.7208114266395569
755252_2024-12-10,253,2,5,"(2,5)",0.1165,91.72088623046875,78.1989175567627,116.02213287353516,0.04822128266096115,5.484678268432617,0.7133599519729614,0.700506329536438
804670_2025-10-01,412,2,5,"(2,5)",0.1164,151.5523681640625,129.2328048400879,191.7400665283203,0.07743938267230988,5.4002509117126465,2.1122262477874756,1.4105679988861084
804670_2025-09-19,241,2,5,"(2,5)",0.1163,153.95880126953125,131.29441015625,194.798828125,-0.08584640920162201,9.498265266418457,0.20334334671497345,1.0918270349502563
755252_2024-12-12,515,2,5,"(2,5)",0.1162,154.5709228515625,131.84204544067384,195.61134338378906,-0.042720064520835876,4.64591121673584,1.1453951597213745,1.2575905323028564
804670_2025-09-24,153,2,5,"(2,5)",0.1162,109.93768310546875,93.765344329834,139.1177215576172,0.23219679296016693,8.792635917663574,1.1619994640350342,0.9376579523086548
755252_2024-12-18,22,2,3,"(2,3)",0.116,47.680572509765625,57.588104309082034,85.44229125976562,0.1763228178024292,11.354122161865234,-0.13647177815437317,1.088578224182129
804670_2025-09-11,287,2,5,"(2,5)",0.1157,143.0859375,122.12384085083009,181.19264221191406,0.009317505173385143,11.708672523498535,1.430458903312683,0.8781923055648804
755252_2024-12-10,536,2,5,"(2,5)",0.1156,101.33660888671875,86.50549755859376,128.346435546875,-0.09628833085298538,4.442546367645264,2.671027183532715,0.6143896579742432
755252_2024-12-17,33,2,5,"(2,5)",0.1153,170.329833984375,145.44792678833008,215.79811096191406,0.7812363505363464,15.865334510803223,0.3032287657260895,0.8829913139343262
804670_2025-09-18,436,2,5,"(2,5)",0.1151,111.6331787109375,95.3456180419922,141.46234130859375,0.5598713159561157,5.784317493438721,3.55600643157959,0.5500476360321045
804670_2025-09-17,96,2,5,"(2,5)",0.1149,73.5516357421875,62.83949566650391,93.23367309570312,0.17557942867279053,7.027463436126709,-0.037498150020837784,0.9507961273193359
804670_2025-09-27,288,2,5,"(2,5)",0.1145,66.470703125,56.81992469787598,84.30255889892578,-0.06499163806438446,4.721969127655029,1.7638322114944458,1.3158444166183472
804670_2025-09-20,69,2,5,"(2,5)",0.1143,171.43994140625,146.5888190612793,217.49082946777344,0.557528555393219,7.911032676696777,0.6511217355728149,0.9678171277046204
804670_2025-09-10,215,2,5,"(2,5)",0.1141,248.047119140625,212.12679327392578,314.7281799316406,0.1784997433423996,10.242962837219238,0.01365440059453249,0.6226065158843994
755252_2024-12-09,227,2,5,"(2,5)",0.114,85.1434326171875,72.82392799377442,108.04737091064453,0.053791552782058716,7.211446285247803,-0.8767432570457458,1.0655370950698853
804670_2025-09-24,82,2,5,"(2,5)",0.1136,122.381103515625,104.72842700195314,155.3834228515625,-0.024635467678308487,7.494226932525635,0.5688163638114929,0.9689972996711731
755252_2024-12-10,348,2,5,"(2,5)",0.1135,74.455810546875,63.72270655822754,94.54407501220703,0.009738177992403507,4.557790279388428,0.12089692056179047,0.8003454804420471
755252_2024-12-06,229,2,5,"(2,5)",0.1133,115.68817138671875,99.04409225463868,146.94969177246094,0.25433963537216187,10.963294982910156,0.06209785118699074,0.8439179062843323
755252_2024-12-19,144,2,5,"(2,5)",0.1129,87.25656127929688,74.73330326843262,110.8802719116211,0.6404417157173157,7.047762393951416,2.8188319206237793,0.7934194207191467
804670_2025-09-19,95,2,5,"(2,5)",0.1127,118.92181396484375,101.88577111816407,151.16583251953125,0.5962992310523987,8.588784217834473,1.2387566566467285,1.490921974182129
755252_2024-12-17,377,2,5,"(2,5)",0.1126,75.68490600585938,64.8512163848877,96.21842193603516,-0.06119197979569435,4.527329921722412,-0.4670930802822113,0.8363354206085205
755252_2024-12-16,182,2,5,"(2,5)",0.1126,105.74676513671875,90.60822161865235,134.43356323242188,-0.27082589268684387,5.425314903259277,0.41394346952438354,0.5544291138648987
804670_2025-09-13,272,2,5,"(2,5)",0.1125,83.0091552734375,71.13984844970703,105.54873657226562,0.3162018954753876,8.263736724853516,0.48431551456451416,0.8794426321983337
755252_2024-12-13,502,2,5,"(2,5)",0.1124,121.45733642578125,104.10047036743164,154.4517364501953,-0.39782413840293884,6.017352104187012,-0.3673661947250366,0.9939275979995728
804670_2025-09-10,96,2,5,"(2,5)",0.1124,103.0489501953125,88.32552175903321,131.04676818847656,0.10834398120641708,8.301015853881836,0.4075221121311188,0.761114776134491
804670_2025-09-23,105,2,5,"(2,5)",0.1122,141.411865234375,121.22959991455079,179.86587524414062,0.5228760242462158,10.131383895874023,0.6740972399711609,0.8277230262756348
804670_2025-09-20,369,2,5,"(2,5)",0.1119,222.60595703125,190.9074969482422,283.24554443359375,0.1973259449005127,5.353461742401123,0.9399039149284363,0.9392274022102356
804670_2025-09-11,216,2,5,"(2,5)",0.1119,98.87158203125,84.79287359619141,125.80545043945312,-0.2350570261478424,8.583219528198242,0.5106465816497803,0.768706202507019
755252_2024-12-19,233,2,5,"(2,5)",0.1118,55.2108154296875,47.35394560241699,70.2580795288086,0.19958394765853882,6.334494113922119,1.934329628944397,0.795734703540802
804670_2025-09-18,234,2,5,"(2,5)",0.1114,140.60955810546875,120.66592092895509,179.02955627441406,0.5725878477096558,5.797316551208496,0.27866747975349426,1.0388797521591187
804670_2025-09-13,226,2,5,"(2,5)",0.1114,62.23681640625,53.40813394165039,79.24055480957031,0.39349865913391113,5.818796157836914,-0.09087865799665451,0.8318732976913452
804670_2025-09-27,393,2,5,"(2,5)",0.1112,65.765380859375,56.45059561157227,83.75459289550781,-0.16993652284145355,4.823063850402832,1.9018951654434204,0.9691111445426941
755252_2024-12-20,499,2,5,"(2,5)",0.111,135.2620849609375,116.13528256225587,172.3075408935547,-0.3782680630683899,5.917171001434326,-0.026229171082377434,1.1361446380615234
804670_2025-09-27,225,2,5,"(2,5)",0.1109,113.93865966796875,97.84501071166993,145.17063903808594,0.30003899335861206,8.34754467010498,1.905173897743225,1.2670888900756836
755252_2024-12-13,503,2,5,"(2,5)",0.1108,83.86639404296875,72.02616523742677,106.8637466430664,-0.1495627611875534,4.996238708496094,-0.1526034027338028,1.3407707214355469
804670_2025-09-23,145,2,5,"(2,5)",0.1107,140.7012939453125,120.84608346557619,179.29685974121094,0.21105952560901642,10.077194213867188,1.065853476524353,0.6801968812942505
755252_2024-12-18,456,2,5,"(2,5)",0.1105,210.1634521484375,180.54968347167969,267.87786865234375,0.008138716220855713,8.375129699707031,1.3086062669754028,1.0886051654815674
804670_2025-09-10,221,2,5,"(2,5)",0.1105,94.76165771484375,81.41075340270997,120.78746795654297,-0.061454251408576965,7.844278335571289,-0.3464362323284149,0.9284114837646484
804670_2025-09-17,92,2,5,"(2,5)",0.1104,114.3172607421875,98.22315869140625,145.731689453125,0.4380137622356415,7.8506669998168945,1.2878048419952393,1.1272125244140625
804670_2025-09-20,228,2,5,"(2,5)",0.1103,279.9423828125,240.57482598876953,356.9359436035156,0.47758814692497253,9.754676818847656,1.3070838451385498,0.6376797556877136
804670_2025-09-18,166,2,5,"(2,5)",0.1103,166.422119140625,143.02525592041016,212.20364379882812,0.6106946468353271,12.058345794677734,1.8376168012619019,0.902295708656311
804670_2025-09-20,225,2,5,"(2,5)",0.11,87.229248046875,74.99385400390625,111.266845703125,-0.0434989407658577,4.518944263458252,0.16010524332523346,0.828798770904541
755252_2024-12-13,327,2,5,"(2,5)",0.1098,75.30792236328125,64.76082658386231,96.08431243896484,0.27805644273757935,5.616734981536865,1.476287841796875,1.052020788192749
755252_2024-12-18,336,2,5,"(2,5)",0.1097,142.063720703125,122.18032290649415,181.2764434814453,-0.3472020924091339,6.179426670074463,0.15683607757091522,0.9612188339233398
755252_2024-12-13,316,2,5,"(2,5)",0.1096,88.85455322265625,76.42512698364258,113.39039611816406,-0.08262120187282562,4.512404441833496,1.875573992729187,0.9774389863014221
804670_2025-09-27,68,2,5,"(2,5)",0.1094,109.46978759765625,94.18666632080078,139.74282836914062,0.18537329137325287,7.1214599609375,1.7229456901550293,0.8982195258140564
804670_2025-09-12,349,2,5,"(2,5)",0.1093,258.78955078125,222.66793688964844,330.36785888671875,0.0319010429084301,7.136998653411865,0.665175199508667,1.0907257795333862
804670_2025-09-17,138,2,5,"(2,5)",0.1092,75.5645751953125,65.02979512023926,96.4833755493164,0.3336351811885834,7.844491004943848,1.3175575733184814,0.8125210404396057
804670_2025-09-17,84,2,5,"(2,5)",0.109,111.9771728515625,96.39221243286133,143.01515197753906,0.3180275857448578,6.222847938537598,0.544462263584137,1.227358102798462
804670_2025-09-19,68,2,5,"(2,5)",0.1088,159.541259765625,137.36933703613283,203.81207275390625,0.58927983045578,9.877118110656738,0.3441832661628723,0.976701021194458
804670_2025-09-20,153,2,5,"(2,5)",0.1087,147.1097412109375,126.67949093627931,187.95176696777344,0.7982752919197083,10.528768539428711,2.6068191528320312,0.5488552451133728
804670_2025-09-11,97,2,5,"(2,5)",0.1087,106.477294921875,91.68781872558594,136.03533935546875,0.15379121899604797,6.954305171966553,-0.5605313181877136,0.599371612071991
804670_2025-09-11,135,2,5,"(2,5)",0.1085,112.4415283203125,96.8468353881836,143.68966674804688,0.4891381561756134,12.515860557556152,1.1885088682174683,0.7668253183364868
804670_2025-09-19,88,2,5,"(2,5)",0.1085,199.6939697265625,172.01256268310547,255.21151733398438,0.30933383107185364,6.24385929107666,0.6433563828468323,1.1233359575271606
804670_2025-09-27,179,2,5,"(2,5)",0.108,64.87896728515625,55.91667974853516,82.96243286132812,0.2644551396369934,7.436983585357666,3.1708617210388184,1.819802165031433
755252_2024-12-10,379,2,5,"(2,5)",0.1078,102.1593017578125,88.07344024658204,130.67276000976562,-0.0888688936829567,6.302454471588135,1.7289574146270752,0.6416807174682617
804670_2025-09-19,231,2,5,"(2,5)",0.1077,112.364501953125,96.8809899597168,143.74034118652344,0.16996058821678162,5.954290866851807,0.8696218729019165,1.1437824964523315
804670_2025-09-24,348,2,5,"(2,5)",0.1075,224.051513671875,193.24405633544924,286.7122497558594,-0.4995498061180115,4.966429710388184,-0.26861265301704407,1.2217944860458374
804670_2025-09-12,399,2,5,"(2,5)",0.1074,45.293060302734375,39.066646324157716,57.96238327026367,0.34771400690078735,7.321999549865723,-0.37210744619369507,0.43565893173217773
804670_2025-09-24,158,2,5,"(2,5)",0.1069,76.13204956054688,65.70685473632813,97.4879150390625,-0.1059766486287117,5.79981803894043,0.9638400673866272,0.4610491096973419
804670_2025-09-27,109,2,5,"(2,5)",0.1067,41.64422607421875,35.95145320892334,53.34043502807617,-0.06813184916973114,4.036849498748779,0.3543458580970764,1.0282849073410034
804670_2025-09-10,47,2,5,"(2,5)",0.1066,177.26416015625,153.05603500366212,227.0861053466797,0.34160879254341125,11.502191543579102,0.6195679306983948,0.8772173523902893
804670_2025-09-20,71,2,5,"(2,5)",0.1066,135.38232421875,116.89937411499024,173.4412078857422,2.104170799255371,25.575599670410156,0.4869636595249176,0.6521556973457336
804670_2025-09-26,217,2,5,"(2,5)",0.1066,217.4991455078125,187.80367840576173,278.6404724121094,-0.044503673911094666,8.819436073303223,0.21754901111125946,1.0367710590362549
804670_2025-09-18,403,2,5,"(2,5)",0.1066,116.11614990234375,100.25304684448243,148.74339294433594,1.5636550188064575,18.77651596069336,3.1634199619293213,0.49721747636795044
804670_2025-09-27,136,2,5,"(2,5)",0.1064,110.638671875,95.55712750244142,141.77615356445312,0.6956101655960083,11.557168960571289,2.085113763809204,1.076377272605896
804670_2025-09-20,237,2,5,"(2,5)",0.1062,107.162109375,92.57175466918946,137.34681701660156,0.1633511334657669,6.676476955413818,0.18108181655406952,1.6662380695343018
804670_2025-09-17,399,2,5,"(2,5)",0.1061,109.09466552734375,94.25638442993164,139.8462677001953,1.6290686130523682,21.918243408203125,1.7319622039794922,0.5858169198036194
755252_2024-12-10,534,2,5,"(2,5)",0.106,79.1356201171875,68.37745735168457,101.45023345947266,0.11855091154575348,5.692648410797119,2.8101818561553955,1.0864759683609009
755252_2024-12-10,538,2,5,"(2,5)",0.1058,162.9273681640625,140.82238375854493,208.93528747558594,0.04907800257205963,6.838145732879639,-0.39977216720581055,1.2032225131988525
804670_2025-09-11,211,2,5,"(2,5)",0.1057,76.21237182617188,65.88366969299317,97.75025177001953,-0.03626987710595131,5.775699615478516,0.7220115065574646,0.5946816802024841
804670_2025-09-25,219,2,5,"(2,5)",0.1057,231.693359375,200.28117333984378,297.153076171875,0.1478872150182724,10.82512092590332,1.8207083940505981,0.7777204513549805
804670_2025-09-20,168,2,5,"(2,5)",0.1055,190.7940673828125,164.96082122802736,244.74899291992188,-0.06382226943969727,4.4418487548828125,1.0666664838790894,0.9581643342971802
755252_2024-12-12,374,2,5,"(2,5)",0.1054,85.3160400390625,73.77782373046875,109.462646484375,0.0440814308822155,5.1968674659729,2.081712007522583,1.049681544303894
804670_2025-09-20,184,2,5,"(2,5)",0.1054,79.083251953125,68.38724812316894,101.46475982666016,-0.47579023241996765,3.8745572566986084,1.1563974618911743,0.7048929929733276
804670_2025-09-23,226,2,5,"(2,5)",0.1053,149.5787353515625,129.36472314453127,191.935791015625,0.08128277212381363,5.209381580352783,0.8466916084289551,1.0671043395996094
804670_2025-09-17,139,2,5,"(2,5)",0.1052,75.6231689453125,65.4159906616211,97.05636596679688,0.28239166736602783,9.06521987915039,2.178680658340454,0.5751555562019348
804670_2025-09-10,229,2,5,"(2,5)",0.1051,115.7352294921875,100.12069659423828,148.54702758789062,0.10224837809801102,8.529587745666504,-0.23056161403656006,1.3256551027297974
755252_2024-12-18,325,2,5,"(2,5)",0.1051,129.8555908203125,112.33605184936525,166.6707000732422,0.024970434606075287,4.772003173828125,1.1173913478851318,0.8939844965934753
804670_2025-09-27,252,2,5,"(2,5)",0.105,91.2518310546875,78.95703385925293,117.14693450927734,-0.45283496379852295,8.842188835144043,0.7603845596313477,1.0266032218933105
804670_2025-09-27,228,2,5,"(2,5)",0.105,87.1878662109375,75.43335371398926,111.9189224243164,0.23679256439208984,6.484948635101318,2.5874643325805664,1.8061039447784424
755252_2024-12-16,82,3,5,"(3,5)",0.105,147.45733642578125,127.57397869873047,189.27890014648438,1.4220378398895264,15.269841194152832,0.4036002457141876,0.6632100939750671
755252_2024-12-13,218,2,5,"(2,5)",0.105,126.209228515625,109.19795532226563,162.0147705078125,-0.4610099196434021,6.27617073059082,-0.18397343158721924,0.8286070823669434
755252_2024-12-17,489,2,5,"(2,5)",0.1049,159.8472900390625,138.32774249267578,205.23403930664062,-0.49493345618247986,4.338756561279297,-0.5222628712654114,1.1022827625274658
755252_2024-12-10,403,2,5,"(2,5)",0.1049,59.53778076171875,51.5209575958252,76.44058990478516,-0.07201042026281357,5.351504325866699,1.1707316637039185,0.9844574332237244
804670_2025-09-19,45,2,5,"(2,5)",0.1047,122.5831298828125,106.09559716796876,157.411865234375,0.7576847672462463,11.50096607208252,1.625693917274475,0.8008531332015991
804670_2025-09-23,100,2,5,"(2,5)",0.1046,84.85250854492188,73.45767990112306,108.98765563964844,-0.040487051010131836,7.988563060760498,-0.45793139934539795,1.0958062410354614
804670_2025-09-18,102,2,5,"(2,5)",0.1046,159.5556640625,138.11378533935547,204.91659545898438,0.37577664852142334,8.750960350036621,1.7930139303207397,1.4084715843200684
755252_2024-12-13,213,2,5,"(2,5)",0.1046,147.8538818359375,127.98932543945314,189.8951416015625,-0.1393866240978241,6.394219875335693,1.4547773599624634,1.1431018114089966
755252_2025-01-07,380,3,5,"(3,5)",0.1046,34.94537353515625,30.25221890258789,44.88459777832031,1.0662083625793457,14.086819648742676,0.9141584634780884,0.6638643145561218
804670_2025-09-19,206,2,5,"(2,5)",0.1043,70.5262451171875,61.07753732299805,90.61949157714844,0.6325047016143799,5.259642601013184,0.8820509314537048,0.8292691111564636
755252_2024-12-10,537,2,5,"(2,5)",0.104,142.49658203125,123.45221817016602,183.1635284423828,-0.18244077265262604,4.927088260650635,-0.6304820775985718,1.1556200981140137
804670_2025-09-17,143,2,5,"(2,5)",0.104,78.14697265625,67.70192497253419,100.44795989990234,0.22447802126407623,8.655014991760254,2.31121563911438,0.876773476600647
755252_2024-12-12,320,2,5,"(2,5)",0.104,103.15472412109375,89.37022381591798,132.59677124023438,0.10092967003583908,4.4167561531066895,-0.04167758673429489,0.7141901254653931
804670_2025-09-19,1,2,5,"(2,5)",0.1039,216.133544921875,187.25817199707032,277.83111572265625,-0.2025928646326065,4.877971649169922,3.1859281063079834,0.8279348611831665
755252_2024-12-09,223,2,5,"(2,5)",0.1038,103.13491821289062,89.37053234863282,132.59722900390625,0.18007972836494446,5.826401710510254,-0.6879723072052002,1.4258544445037842
804670_2025-09-17,52,2,5,"(2,5)",0.1036,107.1275634765625,92.85365072631836,137.7650604248047,1.891249179840088,17.12249755859375,-0.22090500593185425,0.5164138674736023
755252_2024-12-18,205,2,5,"(2,5)",0.1035,114.4559326171875,99.21365155029298,147.20126342773438,0.06041477993130684,5.763751029968262,1.020202398300171,0.7955125570297241
755252_2025-01-08,47,2,5,"(2,5)",0.1034,61.0467529296875,52.92807246398926,78.5282974243164,1.0842612981796265,11.025635719299316,0.7953534126281738,0.5333331823348999
804670_2025-09-13,258,2,5,"(2,5)",0.1029,77.78982543945312,67.48674911499023,100.12870788574219,0.04115438461303711,4.790818691253662,-0.2221706360578537,1.1821389198303223
804670_2025-09-13,290,2,5,"(2,5)",0.1028,143.553466796875,124.55383422851563,184.7979736328125,0.3902084529399872,11.556771278381348,-0.2015300840139389,1.0878677368164062
804670_2025-09-23,216,2,5,"(2,5)",0.1027,65.320556640625,56.6799176940918,84.09483337402344,0.24946905672550201,5.5012311935424805,-0.337699294090271,0.6723984479904175
755252_2024-12-17,111,2,5,"(2,5)",0.1027,143.503173828125,124.53176385498048,184.76522827148438,0.36140212416648865,7.232415676116943,-0.050731461495161057,0.9896625876426697
804670_2025-09-27,250,2,5,"(2,5)",0.1026,123.616943359375,107.28058905029297,159.17001342773438,0.37498369812965393,9.30370807647705,1.7808341979980469,1.8492186069488525
755252_2024-12-09,205,2,5,"(2,5)",0.1025,94.321533203125,81.87458605957032,121.47564697265625,-0.43829676508903503,5.338484287261963,0.6382228136062622,1.1606932878494263
755252_2024-12-13,162,2,5,"(2,5)",0.1022,154.037841796875,133.75318963623047,198.44686889648438,0.39160454273223877,10.668688774108887,0.41146814823150635,1.0967233180999756
804670_2025-09-26,84,2,5,"(2,5)",0.1022,131.147705078125,113.88692239379884,168.97169494628906,0.2046569585800171,9.16517448425293,1.8503271341323853,0.9261500239372253
755252_2024-12-16,234,2,3,"(2,3)",0.1021,49.044769287109375,57.80391780090332,85.76248931884766,0.2935325801372528,14.809325218200684,2.8373868465423584,0.6799163222312927
804670_2025-09-12,142,2,5,"(2,5)",0.102,82.4666748046875,71.62326264953614,106.2659683227539,0.5076242685317993,6.2541184425354,0.1108115166425705,1.1862107515335083
755252_2024-12-09,508,2,5,"(2,5)",0.102,81.82907104492188,71.0699555053711,105.44503784179688,0.013883904553949833,6.3447465896606445,-0.7771895527839661,1.2526236772537231
804670_2025-09-25,46,2,5,"(2,5)",0.1019,168.6693115234375,146.52514819335937,217.3963623046875,0.5280159711837769,12.671354293823242,2.3670852184295654,1.0705026388168335
755252_2025-01-08,48,2,5,"(2,5)",0.1019,53.1737060546875,46.18774336242676,68.5278091430664,0.17147916555404663,5.002715110778809,0.6652974486351013,0.20039919018745422
804670_2025-09-13,237,2,5,"(2,5)",0.1019,80.17562866210938,69.64478633117676,103.3305435180664,0.27690058946609497,7.428016185760498,0.60353022813797,1.0309736728668213
804670_2025-09-20,206,2,5,"(2,5)",0.1019,88.64764404296875,77.00978105163574,114.2578353881836,0.44720137119293213,4.9311957359313965,1.1569528579711914,0.6732420921325684
804670_2025-09-26,93,2,5,"(2,5)",0.1017,138.1722412109375,120.04979138183595,178.11541748046875,0.36018893122673035,9.596968650817871,-0.0393320769071579,1.1404845714569092
804670_2025-09-27,91,2,5,"(2,5)",0.1016,213.069091796875,185.14766424560548,274.6997985839844,0.2935710549354553,7.619467258453369,0.7918428778648376,2.0854125022888184
804670_2025-09-18,70,2,5,"(2,5)",0.1016,196.49560546875,170.7562791748047,253.34759521484375,0.43990781903266907,4.706226825714111,0.5734469890594482,0.7303719520568848
755252_2024-12-10,553,2,5,"(2,5)",0.1015,67.28707885742188,58.480884857177735,86.76689147949219,0.10323441028594971,4.617159366607666,3.0560662746429443,0.4991913437843323
755252_2024-12-12,500,2,5,"(2,5)",0.1012,68.580078125,59.62595774841309,88.46581268310547,0.1906672567129135,5.447521209716797,1.9297658205032349,0.9953488707542419
755252_2024-12-03,258,2,5,"(2,5)",0.1012,113.9058837890625,99.04013275146485,146.94381713867188,0.38378363847732544,8.842007637023926,-0.6251741051673889,0.7245507836341858
755252_2024-12-16,347,2,5,"(2,5)",0.1011,93.56396484375,81.3645814819336,120.71896362304688,0.6410354971885681,6.091272830963135,3.471262216567993,0.5086150169372559
804670_2025-09-17,228,2,5,"(2,5)",0.1011,88.2210693359375,76.71498318481446,113.82044982910156,0.18444553017616272,5.763808727264404,2.0041637420654297,0.884360671043396
804670_2025-09-19,202,2,5,"(2,5)",0.1011,70.4036865234375,61.22165809631348,90.83332061767578,-0.07209395617246628,4.815933704376221,0.023448869585990906,0.6368295550346375
804670_2025-09-10,36,2,5,"(2,5)",0.1009,237.96435546875,206.9777113647461,307.0885925292969,-0.05695764720439911,9.37428092956543,0.9926033616065979,0.7634106278419495
804670_2025-09-23,157,2,5,"(2,5)",0.1008,127.573974609375,110.98363983154297,164.66415405273438,0.03908160328865051,8.686266899108887,-0.08103646337985992,0.9559454917907715
755252_2024-12-10,238,2,5,"(2,5)",0.1007,97.0970458984375,84.47151106262207,125.32865142822266,0.5343040823936462,9.420527458190918,0.5092880725860596,0.8717173933982849
804670_2025-09-27,371,2,5,"(2,5)",0.1006,157.78826904296875,137.28870715332033,203.69244384765625,-0.024700960144400597,7.407371520996094,3.171379566192627,1.1949535608291626
755252_2024-12-18,49,2,5,"(2,5)",0.1005,112.6309814453125,98.01060021972657,145.41632080078125,-0.1633128821849823,7.65752649307251,1.7050211429595947,0.8694363236427307
755252_2024-12-04,349,2,5,"(2,5)",0.1002,125.30682373046875,109.086338470459,161.8491668701172,0.1441270411014557,7.406560897827148,0.9828329086303711,2.208390235900879
755252_2024-12-12,76,2,5,"(2,5)",0.1002,116.70166015625,137.07951168823243,203.38206481933594,1.4077180624008179,16.9227352142334,2.779013156890869,0.4854847192764282
804670_2025-09-12,220,2,5,"(2,5)",0.1002,86.92987060546875,75.68207736206055,112.28794860839844,0.6067509651184082,9.380325317382812,0.034089043736457825,1.0878828763961792
804670_2025-09-10,425,2,5,"(2,5)",0.1,177.581298828125,154.6359384765625,229.43017578125,-0.23654070496559143,8.559159278869629,1.0248289108276367,0.5569105744361877
755252_2024-12-17,244,2,3,"(2,3)",0.1,42.1153564453125,49.454955688476566,73.37530517578125,-0.15687775611877441,10.099185943603516,2.6726768016815186,0.876737117767334
